<?xml version="1.0" encoding="UTF-8"?>
<jcr:root xmlns:sling="http://sling.apache.org/jcr/sling/1.0" xmlns:cq="http://www.day.com/jcr/cq/1.0" xmlns:jcr="http://www.jcp.org/jcr/1.0" xmlns:nt="http://www.jcp.org/jcr/nt/1.0"
    jcr:primaryType="cq:Page">
    <jcr:content
        cq:lastModified="{Date}2022-01-18T05:50:53.137-08:00"
        cq:lastModifiedBy="admin"
        cq:template="/conf/audi/settings/wcm/templates/page-content"
        jcr:primaryType="cq:PageContent"
        jcr:title="demopage1"
        sling:resourceType="audi/components/page">
        <root
            jcr:primaryType="nt:unstructured"
            sling:resourceType="audi/components/container">
            <container
                jcr:primaryType="nt:unstructured"
                sling:resourceType="audi/components/container">
                <title
                    jcr:primaryType="nt:unstructured"
                    sling:resourceType="audi/components/title"/>
                <container
                    jcr:primaryType="nt:unstructured"
                    sling:resourceType="audi/components/container"
                    layout="responsiveGrid">
                    <text
                        cq:styleIds="[1642403553563]"
                        jcr:created="{Date}2022-01-16T19:31:26.262-08:00"
                        jcr:createdBy="admin"
                        jcr:lastModified="{Date}2022-01-16T19:31:40.637-08:00"
                        jcr:lastModifiedBy="admin"
                        jcr:primaryType="nt:unstructured"
                        sling:resourceType="audi/components/text"
                        text="&lt;p>demo text component&lt;/p>&#xd;&#xa;"
                        textIsRich="true"/>
                    <title
                        cq:styleIds="[1642420506232]"
                        jcr:created="{Date}2022-01-17T01:29:12.147-08:00"
                        jcr:createdBy="admin"
                        jcr:lastModified="{Date}2022-01-17T01:29:12.147-08:00"
                        jcr:lastModifiedBy="admin"
                        jcr:primaryType="nt:unstructured"
                        sling:resourceType="audi/components/title"/>
                    <studentdetails
                        jcr:created="{Date}2022-01-17T03:26:50.907-08:00"
                        jcr:createdBy="admin"
                        jcr:lastModified="{Date}2022-01-17T03:27:02.251-08:00"
                        jcr:lastModifiedBy="admin"
                        jcr:primaryType="nt:unstructured"
                        sling:resourceType="audi/components/content/studentdetails">
                        <studentdetailswithmap jcr:primaryType="nt:unstructured">
                            <item0
                                jcr:primaryType="nt:unstructured"
                                studentname="keerthi">
                                <phone jcr:primaryType="nt:unstructured">
                                    <item0
                                        jcr:primaryType="nt:unstructured"
                                        phonenumber="1234567890"/>
                                </phone>
                            </item0>
                        </studentdetailswithmap>
                    </studentdetails>
                    <title1
                        jcr:created="{Date}2022-01-18T04:58:45.985-08:00"
                        jcr:createdBy="admin"
                        jcr:lastModified="{Date}2022-01-18T05:00:28.528-08:00"
                        jcr:lastModifiedBy="admin"
                        jcr:primaryType="nt:unstructured"
                        jcr:title="My Title"
                        sling:resourceType="audi/components/content/title1"/>
                    <title_1381070276
                        jcr:created="{Date}2022-01-18T05:06:16.059-08:00"
                        jcr:createdBy="admin"
                        jcr:lastModified="{Date}2022-01-18T05:06:50.110-08:00"
                        jcr:lastModifiedBy="admin"
                        jcr:primaryType="nt:unstructured"
                        jcr:title="overlay title"
                        sling:resourceType="wcm/designimporter/components/title"
                        type="h5"/>
                    <title2
                        jcr:created="{Date}2022-01-18T05:43:31.055-08:00"
                        jcr:createdBy="admin"
                        jcr:lastModified="{Date}2022-01-18T05:50:53.129-08:00"
                        jcr:lastModifiedBy="admin"
                        jcr:primaryType="nt:unstructured"
                        jcr:title="Overriding "
                        sling:resourceType="audi/components/content/title2"
                        type="h5"/>
                </container>
            </container>
        </root>
    </jcr:content>
    <demopage01/>
</jcr:root>
