<?xml version="1.0" encoding="UTF-8"?>
<jcr:root xmlns:sling="http://sling.apache.org/jcr/sling/1.0" xmlns:cq="http://www.day.com/jcr/cq/1.0" xmlns:jcr="http://www.jcp.org/jcr/1.0" xmlns:nt="http://www.jcp.org/jcr/nt/1.0"
    jcr:primaryType="nt:unstructured"
    jcr:title="Student Details"
    sling:resourceType="cq/gui/components/authoring/dialog">
    <content
        jcr:primaryType="nt:unstructured"
        sling:resourceType="granite/ui/components/coral/foundation/fixedcolumns">
        <items jcr:primaryType="nt:unstructured">
            <studentdetailswithmap
                jcr:primaryType="nt:unstructured"
                sling:resourceType="granite/ui/components/coral/foundation/form/multifield"
                composite="{Boolean}true"
                fieldDescription="Student details with map"
                fieldLabel="Student details"
                required="{Boolean}false">
                <field
                    jcr:primaryType="nt:unstructured"
                    sling:resourceType="granite/ui/components/coral/foundation/container"
                    emptyText="Student details"
                    name="./studentdetailswithmap">
                    <items jcr:primaryType="nt:unstructured">
                        <name
                            jcr:primaryType="nt:unstructured"
                            sling:resourceType="granite/ui/components/coral/foundation/form/textfield"
                            emptyText="Student Name"
                            fieldLabel="Student Name"
                            name="./studentname"/>
                        <phone
                            jcr:primaryType="nt:unstructured"
                            sling:resourceType="granite/ui/components/coral/foundation/form/multifield"
                            composite="{Boolean}true"
                            fieldDescription="Phone Number"
                            fieldLabel="Phone Number"
                            required="{Boolean}false">
                            <field
                                jcr:primaryType="nt:unstructured"
                                sling:resourceType="granite/ui/components/coral/foundation/container"
                                name="./phone">
                                <items jcr:primaryType="nt:unstructured">
                                    <phonenumber
                                        jcr:primaryType="nt:unstructured"
                                        sling:resourceType="granite/ui/components/coral/foundation/form/textfield"
                                        emptyText="Phone Number"
                                        fieldLabel="Phone Number"
                                        name="./phonenumber"/>
                                </items>
                            </field>
                        </phone>
                    </items>
                </field>
            </studentdetailswithmap>
        </items>
    </content>
</jcr:root>
